{"cameraMode":{"drawMode":0,"name":"Shaded","section":"Shading Mode"},"sceneLighting":true,"audioPlay":false,"sceneViewState":{"m_AlwaysRefresh":false,"showFog":true,"showSkybox":true,"showFlares":true,"showImageEffects":true,"showParticleSystems":true,"showVisualEffectGraphs":true,"m_FxEnabled":true},"in2DMode":false,"pivot":{"x":94.4512939453125,"y":269.94049072265627,"z":111.98237609863281},"rotation":{"x":-0.19783614575862885,"y":-0.024409335106611253,"z":0.004923466593027115,"w":-0.9799283742904663},"size":279.4527587890625,"orthographic":false}